{"columns":["DATE","SERIES","OPEN","HIGH","LOW","PREV. CLOSE","LTP","CLOSE","VWAP","52W H","52W L","VOLUME","VALUE","NO OF TRADES","SYMBOL"],"index":[0,1,2,3,4,5,6,7,8,9,10,11,12,13,14,15,16,17,18,19,20,21],"data":[[1717113600000,"EQ",830.7,835.0,817.1,825.85,832.25,830.35,827.92,841.25,543.2,22267336,18435562035.6500015259,313614,"SBIN"],[1717027200000,"EQ",821.4,836.0,819.3,822.65,828.9,825.85,828.27,841.25,543.2,17818705,14758626273.6000003815,438243,"SBIN"],[1716940800000,"EQ",828.4,834.45,819.3,831.15,825.0,822.65,825.29,841.25,543.2,14518232,11981797386.9500007629,243373,"SBIN"],[1716854400000,"EQ",835.7,840.7,823.3,833.7,830.8,831.15,832.45,841.25,543.2,13818893,11503519499.1000003815,206371,"SBIN"],[1716768000000,"EQ",832.6,839.4,823.0,828.6,833.35,833.7,833.52,841.25,543.2,12295193,10248301213.7000007629,219095,"SBIN"],[1716508800000,"EQ",830.0,841.25,827.0,832.1,828.0,828.6,835.17,841.25,543.2,12252075,10232581868.5499992371,236666,"SBIN"],[1716422400000,"EQ",824.7,835.5,822.0,818.75,829.85,832.1,830.11,839.65,543.2,17497488,14524811082.6000003815,297207,"SBIN"],[1716336000000,"EQ",826.55,826.65,813.55,830.65,818.75,818.75,819.27,839.65,543.2,19239277,15762179196.8500003815,303784,"SBIN"],[1716249600000,"EQ",821.0,836.3,819.6,821.0,830.0,830.65,830.06,839.65,543.2,14037801,11652154522.4500007629,299301,"SBIN"],[1715990400000,"EQ",822.0,823.0,819.2,817.85,821.5,821.0,820.96,839.65,543.2,960453,788496867.5499999523,18745,"SBIN"],[1715904000000,"EQ",814.5,822.45,811.2,811.95,817.35,817.85,817.69,839.65,543.2,12492509,10214979481.6000003815,238755,"SBIN"],[1715817600000,"EQ",825.3,826.15,797.35,820.3,812.3,811.95,810.77,839.65,543.2,20536990,16650876495.9500007629,398702,"SBIN"],[1715731200000,"EQ",821.0,825.3,818.05,818.2,820.7,820.3,821.25,839.65,543.2,9755062,8011323408.0500001907,184595,"SBIN"],[1715644800000,"EQ",813.0,822.4,807.9,808.8,817.9,818.2,815.81,839.65,543.2,10912462,8902478688.1000003815,215574,"SBIN"],[1715558400000,"EQ",819.85,819.85,798.6,817.35,808.95,808.8,807.3,839.65,543.2,15398505,12431253183.1499996185,300588,"SBIN"],[1715299200000,"EQ",827.0,832.05,815.6,819.8,816.85,817.35,822.63,839.65,543.2,20543142,16899481306.25,337836,"SBIN"],[1715212800000,"EQ",811.9,839.65,803.55,810.8,820.0,819.8,820.7,839.65,543.2,49290254,40452525638.0,710585,"SBIN"],[1715126400000,"EQ",802.6,822.0,799.5,801.9,811.4,810.8,811.87,836.2,543.2,27908322,22657896599.9500007629,416012,"SBIN"],[1715040000000,"EQ",812.0,814.65,793.2,807.8,803.65,801.9,802.82,836.2,543.2,16725013,13427169707.4500007629,333003,"SBIN"],[1714953600000,"EQ",835.0,836.0,803.0,831.45,809.5,807.8,809.69,836.2,543.2,35283557,28568603442.0499992371,420532,"SBIN"],[1714694400000,"EQ",834.8,836.2,820.0,830.05,831.0,831.45,828.02,836.2,543.2,22667634,18769316179.1500015259,299662,"SBIN"],[1714608000000,"EQ",826.9,833.9,825.0,826.25,830.45,830.05,830.43,834.85,543.2,19943724,16561798987.1000003815,425940,"SBIN"]]}